"a","b","c","SPCD_DIVISION","SPCD","JENKINS_SPGRPCD"
14.4338160518888,3.18438192234899,-1.03173376704673,NA,NA,"11"
