"a","b","c","SPCD_DIVISION","SPCD","JENKINS_SPGRPCD"
2.19397013066679,2.266352783125,0.285833854735337,NA,NA,"11"
