"a","b","c","SPCD_DIVISION","SPCD","JENKINS_SPGRPCD"
0.0398494526477614,1.76248482855814,0.769413973438924,NA,NA,"11"
