"a","b","c","SPCD_DIVISION","SPCD","JENKINS_SPGRPCD"
0.238018865360745,2.03513900948658,-0.158863795797529,NA,NA,"11"
